chain, residue_label, residue_name, score, zscore, probability, pocket
A,    1, MET,  0.1434,  -0.3209,   0.0029, 0
A,    2, ALA,  0.1196,  -0.3331,   0.0022, 0
A,    3, LEU,  0.1141,  -0.3360,   0.0020, 0
A,    4, LYS,  0.1580,  -0.3134,   0.0034, 0
A,    5, GLU,  0.0471,  -0.3703,   0.0006, 0
A,    6, GLY,  0.0476,  -0.3700,   0.0007, 0
A,    7, LEU,  0.0995,  -0.3434,   0.0016, 0
A,    8, ARG,  0.0685,  -0.3594,   0.0010, 0
A,    9, ALA,  0.0593,  -0.3640,   0.0008, 0
A,   10, TRP,  0.2548,  -0.2637,   0.0078, 0
A,   11, LYS,  0.1887,  -0.2976,   0.0046, 0
A,   12, ARG,  0.1267,  -0.3295,   0.0024, 0
A,   13, ILE,  0.1095,  -0.3383,   0.0019, 0
A,   14, PHE,  0.2852,  -0.2481,   0.0095, 0
A,   15, TRP,  0.2215,  -0.2808,   0.0061, 0
A,   16, ARG,  0.0974,  -0.3445,   0.0016, 0
A,   17, GLN,  0.0902,  -0.3482,   0.0014, 0
A,   18, ILE,  0.2301,  -0.2764,   0.0065, 0
A,   19, LEU,  0.1276,  -0.3290,   0.0024, 0
A,   20, LEU,  0.1067,  -0.3397,   0.0018, 0
A,   21, THR,  0.0992,  -0.3436,   0.0016, 0
A,   22, LEU,  0.2040,  -0.2898,   0.0053, 0
A,   23, GLY,  0.2649,  -0.2585,   0.0083, 0
A,   24, LEU,  0.3315,  -0.2244,   0.0125, 0
A,   25, LEU,  0.3338,  -0.2232,   0.0127, 0
A,   26, GLY,  0.2001,  -0.2918,   0.0051, 0
A,   27, LEU,  0.2766,  -0.2525,   0.0090, 0
A,   28, PHE,  0.6752,  -0.0480,   0.0497, 0
A,   29, LEU,  0.3025,  -0.2392,   0.0106, 0
A,   30, TYR,  1.7364,   0.4965,   0.2781, 4
A,   31, GLY,  0.0480,  -0.3699,   0.0007, 0
A,   32, LEU,  0.1604,  -0.3122,   0.0035, 0
A,   33, PRO,  0.0402,  -0.3738,   0.0006, 0
A,   34, LYS,  0.1006,  -0.3429,   0.0017, 0
A,   35, PHE,  0.5806,  -0.0966,   0.0369, 0
A,   36, ARG,  0.4086,  -0.1848,   0.0186, 4
A,   37, HIS,  0.0845,  -0.3511,   0.0013, 0
A,   38, LEU,  0.2520,  -0.2652,   0.0076, 0
A,   39, GLU,  1.3845,   0.3159,   0.1953, 4
A,   40, ALA,  0.2784,  -0.2516,   0.0091, 0
A,   41, LEU,  0.1758,  -0.3043,   0.0041, 0
A,   42, ILE,  1.0110,   0.1243,   0.1102, 0
A,   43, PRO,  0.1659,  -0.3093,   0.0037, 2
A,   44, MET,  0.4430,  -0.1671,   0.0217, 2
A,   45, GLY,  0.1308,  -0.3273,   0.0025, 0
A,   46, VAL,  0.1428,  -0.3212,   0.0029, 0
A,   47, CYS,  0.1132,  -0.3364,   0.0020, 0
A,   48, PRO,  0.0797,  -0.3536,   0.0012, 0
A,   49, SER,  0.0853,  -0.3507,   0.0013, 0
A,   50, ALA,  0.0217,  -0.3833,   0.0003, 0
A,   51, THR,  0.0774,  -0.3548,   0.0012, 0
A,   52, MET,  0.1714,  -0.3065,   0.0039, 0
A,   53, SER,  0.0870,  -0.3498,   0.0014, 0
A,   54, GLN,  0.0461,  -0.3708,   0.0006, 0
A,   55, LEU,  0.0400,  -0.3740,   0.0006, 0
A,   56, ARG,  0.3262,  -0.2271,   0.0121, 0
A,   57, ASP,  0.1224,  -0.3317,   0.0023, 0
A,   58, ASN,  0.5509,  -0.1118,   0.0332, 0
A,   59, PHE,  0.5498,  -0.1124,   0.0331, 0
A,   60, THR,  0.2250,  -0.2790,   0.0062, 0
A,   61, GLY,  0.2468,  -0.2678,   0.0073, 0
A,   62, ALA,  0.2742,  -0.2538,   0.0089, 0
A,   63, LEU,  0.1000,  -0.3432,   0.0017, 0
A,   64, ARG,  0.2301,  -0.2764,   0.0065, 0
A,   65, PRO,  0.0911,  -0.3477,   0.0014, 0
A,   66, TRP,  0.3608,  -0.2094,   0.0147, 0
A,   67, ALA,  0.1132,  -0.3364,   0.0020, 0
A,   68, ARG,  0.0502,  -0.3687,   0.0007, 0
A,   69, PRO,  0.0570,  -0.3652,   0.0008, 0
A,   70, GLU,  0.1057,  -0.3402,   0.0018, 0
A,   71, VAL,  0.1853,  -0.2994,   0.0045, 0
A,   72, LEU,  0.4057,  -0.1863,   0.0183, 2
A,   73, THR,  0.1560,  -0.3144,   0.0033, 0
A,   74, CYS,  0.0981,  -0.3441,   0.0016, 0
A,   75, THR,  0.3158,  -0.2324,   0.0114, 0
A,   76, PRO,  0.1252,  -0.3302,   0.0023, 2
A,   77, TRP,  0.4831,  -0.1466,   0.0256, 0
A,   78, GLY,  0.0825,  -0.3521,   0.0013, 0
A,   79, ALA,  0.0649,  -0.3612,   0.0009, 0
A,   80, PRO,  0.0410,  -0.3734,   0.0006, 0
A,   81, ILE,  0.1763,  -0.3040,   0.0041, 0
A,   82, ILE,  0.0039,  -0.3925,   0.0002, 0
A,   83, TRP,  0.2320,  -0.2754,   0.0066, 0
A,   84, ASP,  0.7036,  -0.0335,   0.0540, 0
A,   85, GLY,  0.3312,  -0.2245,   0.0125, 0
A,   86, SER,  0.0507,  -0.3684,   0.0007, 0
A,   87, PHE,  0.7149,  -0.0276,   0.0557, 0
A,   88, ASP,  0.1563,  -0.3143,   0.0034, 0
A,   89, PRO,  0.8261,   0.0294,   0.0742, 0
A,   90, ASP,  0.0569,  -0.3653,   0.0008, 0
A,   91, VAL,  0.2436,  -0.2695,   0.0072, 0
A,   92, ALA,  0.0052,  -0.3918,   0.0002, 0
A,   93, LYS,  0.3720,  -0.2036,   0.0156, 0
A,   94, GLN,  0.0146,  -0.3870,   0.0003, 0
A,   95, GLU,  0.2284,  -0.2773,   0.0064, 0
A,   96, ALA,  0.0253,  -0.3815,   0.0004, 0
A,   97, ARG,  0.0574,  -0.3650,   0.0008, 0
A,   98, GLN,  0.0721,  -0.3575,   0.0011, 0
A,   99, GLN,  0.5104,  -0.1326,   0.0285, 0
A,  100, ASN,  0.1402,  -0.3225,   0.0028, 0
A,  101, LEU,  0.3526,  -0.2135,   0.0140, 0
A,  102, THR,  0.1400,  -0.3226,   0.0028, 0
A,  103, ILE,  0.0071,  -0.3908,   0.0002, 0
A,  104, GLY,  0.0000,  -0.3945,   0.0001, 0
A,  105, LEU,  0.0000,  -0.3945,   0.0001, 0
A,  106, THR,  0.0932,  -0.3466,   0.0015, 0
A,  107, ILE,  0.0794,  -0.3538,   0.0012, 0
A,  108, PHE,  2.6972,   0.9895,   0.4749, 1
A,  109, ALA,  0.5218,  -0.1267,   0.0298, 0
A,  110, VAL,  2.1329,   0.6999,   0.3650, 1
A,  111, GLY,  0.2621,  -0.2600,   0.0082, 0
A,  112, ARG,  0.1256,  -0.3300,   0.0024, 0
A,  113, TYR,  5.8292,   2.5965,   0.8310, 1
A,  114, LEU,  0.0094,  -0.3897,   0.0002, 0
A,  115, GLU,  0.0313,  -0.3784,   0.0004, 0
A,  116, LYS,  0.1532,  -0.3159,   0.0032, 0
A,  117, TYR,  0.1545,  -0.3152,   0.0033, 0
A,  118, LEU,  0.0137,  -0.3874,   0.0003, 0
A,  119, GLU,  0.0170,  -0.3858,   0.0003, 0
A,  120, ARG,  0.2414,  -0.2706,   0.0071, 0
A,  121, PHE,  0.0717,  -0.3577,   0.0011, 0
A,  122, LEU,  0.0008,  -0.3941,   0.0001, 0
A,  123, GLU,  0.0192,  -0.3846,   0.0003, 0
A,  124, THR,  0.0741,  -0.3564,   0.0011, 0
A,  125, ALA,  0.0082,  -0.3903,   0.0002, 0
A,  126, GLU,  0.0392,  -0.3743,   0.0005, 0
A,  127, GLN,  0.0949,  -0.3458,   0.0015, 0
A,  128, HIS,  0.3039,  -0.2385,   0.0106, 0
A,  129, PHE,  0.2146,  -0.2844,   0.0057, 0
A,  130, MET,  0.2342,  -0.2743,   0.0067, 0
A,  131, ALA,  0.2800,  -0.2508,   0.0092, 0
A,  132, GLY,  0.2159,  -0.2837,   0.0058, 0
A,  133, GLN,  0.1882,  -0.2979,   0.0046, 0
A,  134, SER,  0.1540,  -0.3154,   0.0033, 0
A,  135, VAL,  0.0293,  -0.3794,   0.0004, 0
A,  136, MET,  0.1128,  -0.3366,   0.0020, 0
A,  137, TYR,  0.0020,  -0.3934,   0.0002, 0
A,  138, TYR,  0.0233,  -0.3825,   0.0004, 0
A,  139, VAL,  0.0000,  -0.3945,   0.0001, 0
A,  140, PHE,  0.6647,  -0.0534,   0.0482, 0
A,  141, THR,  0.0013,  -0.3938,   0.0002, 0
A,  142, GLU,  0.0360,  -0.3760,   0.0005, 0
A,  143, LEU,  0.0404,  -0.3737,   0.0006, 0
A,  144, PRO,  0.0337,  -0.3772,   0.0005, 0
A,  145, GLY,  0.0431,  -0.3723,   0.0006, 0
A,  146, ALA,  0.0467,  -0.3705,   0.0006, 0
A,  147, VAL,  0.0379,  -0.3750,   0.0005, 0
A,  148, PRO,  0.0274,  -0.3804,   0.0004, 0
A,  149, ARG,  0.0370,  -0.3755,   0.0005, 0
A,  150, VAL,  0.0211,  -0.3836,   0.0003, 0
A,  151, ALA,  0.0316,  -0.3783,   0.0004, 0
A,  152, LEU,  0.0697,  -0.3587,   0.0010, 0
A,  153, GLY,  0.0770,  -0.3550,   0.0012, 0
A,  154, PRO,  0.0966,  -0.3449,   0.0016, 0
A,  155, GLY,  0.0758,  -0.3556,   0.0011, 0
A,  156, ARG,  0.1262,  -0.3297,   0.0024, 0
A,  157, ARG,  0.1686,  -0.3080,   0.0038, 0
A,  158, LEU,  0.1426,  -0.3213,   0.0029, 0
A,  159, PRO,  0.1475,  -0.3188,   0.0030, 0
A,  160, VAL,  0.1235,  -0.3311,   0.0023, 0
A,  161, GLU,  0.1280,  -0.3288,   0.0024, 0
A,  162, ARG,  0.0913,  -0.3476,   0.0014, 0
A,  163, VAL,  0.9155,   0.0753,   0.0910, 0
A,  164, ALA,  0.8657,   0.0497,   0.0814, 0
A,  165, ARG,  0.7357,  -0.0170,   0.0589, 0
A,  166, GLU,  0.9355,   0.0855,   0.0950, 0
A,  167, ARG,  0.1703,  -0.3071,   0.0039, 0
A,  168, ARG,  0.3589,  -0.2103,   0.0145, 0
A,  169, TRP,  4.9625,   2.1519,   0.7666, 1
A,  170, GLN,  0.6321,  -0.0701,   0.0437, 0
A,  171, ASP,  0.3878,  -0.1955,   0.0168, 0
A,  172, VAL,  3.2451,   1.2706,   0.5662, 1
A,  173, SER,  6.6423,   3.0138,   0.8742, 1
A,  174, MET,  0.2372,  -0.2728,   0.0068, 0
A,  175, ALA,  0.9095,   0.0722,   0.0898, 0
A,  176, ARG,  7.2640,   3.3328,   0.8981, 1
A,  177, MET,  0.0667,  -0.3603,   0.0010, 0
A,  178, ARG,  0.1250,  -0.3304,   0.0023, 0
A,  179, THR,  0.9183,   0.0767,   0.0916, 0
A,  180, LEU,  0.1057,  -0.3402,   0.0018, 0
A,  181, HIS,  0.2199,  -0.2816,   0.0060, 0
A,  182, ALA,  0.1826,  -0.3008,   0.0044, 0
A,  183, ALA,  0.1279,  -0.3289,   0.0024, 0
A,  184, LEU,  0.0402,  -0.3738,   0.0006, 0
A,  185, GLY,  0.0866,  -0.3500,   0.0013, 0
A,  186, GLY,  0.1040,  -0.3411,   0.0018, 0
A,  187, LEU,  0.1191,  -0.3334,   0.0022, 0
A,  188, PRO,  0.1117,  -0.3371,   0.0020, 0
A,  189, GLY,  0.0317,  -0.3782,   0.0005, 0
A,  190, ARG,  0.0664,  -0.3604,   0.0010, 0
A,  191, GLU,  0.1231,  -0.3313,   0.0023, 0
A,  192, ALA,  0.0399,  -0.3740,   0.0005, 0
A,  193, HIS,  0.2131,  -0.2851,   0.0057, 0
A,  194, PHE,  0.5655,  -0.1043,   0.0350, 0
A,  195, MET,  0.0000,  -0.3945,   0.0001, 0
A,  196, PHE,  0.0076,  -0.3906,   0.0002, 0
A,  197, CYS,  0.0932,  -0.3466,   0.0015, 0
A,  198, MET,  0.1310,  -0.3273,   0.0025, 0
A,  199, ASP, 11.9639,   5.7443,   0.9808, 1
A,  200, VAL,  1.3166,   0.2811,   0.1792, 1
A,  201, ASP,  6.6582,   3.0219,   0.8749, 1
A,  202, GLN,  0.3011,  -0.2400,   0.0105, 0
A,  203, HIS,  0.2787,  -0.2514,   0.0091, 0
A,  204, PHE,  0.0693,  -0.3589,   0.0010, 0
A,  205, SER,  0.1763,  -0.3040,   0.0041, 0
A,  206, GLY,  0.0668,  -0.3602,   0.0010, 0
A,  207, THR,  0.9040,   0.0694,   0.0887, 0
A,  208, PHE,  0.5379,  -0.1185,   0.0316, 0
A,  209, GLY,  0.5559,  -0.1092,   0.0338, 0
A,  210, PRO,  0.2014,  -0.2911,   0.0052, 0
A,  211, GLU,  0.7789,   0.0052,   0.0660, 0
A,  212, ALA,  0.0000,  -0.3945,   0.0001, 0
A,  213, LEU,  0.0972,  -0.3446,   0.0016, 0
A,  214, ALA,  0.2613,  -0.2604,   0.0081, 0
A,  215, GLU,  1.2607,   0.2524,   0.1663, 0
A,  216, SER,  1.2883,   0.2666,   0.1726, 0
A,  217, VAL,  0.4270,  -0.1754,   0.0202, 0
A,  218, ALA,  0.3132,  -0.2338,   0.0112, 0
A,  219, GLN,  0.0076,  -0.3906,   0.0002, 0
A,  220, LEU,  0.4594,  -0.1588,   0.0233, 2
A,  221, HIS,  7.2936,   3.3479,   0.8991, 1
A,  222, SER,  0.2265,  -0.2783,   0.0063, 0
A,  223, TRP,  4.1158,   1.7174,   0.6828, 1
A,  224, HIS,  3.5337,   1.4187,   0.6087, 1
A,  225, TYR,  0.5389,  -0.1180,   0.0318, 2
A,  226, HIS,  0.7625,  -0.0032,   0.0632, 2
A,  227, TRP,  1.9770,   0.6199,   0.3316, 1
A,  228, PRO,  0.8616,   0.0476,   0.0806, 2
A,  229, SER,  0.1397,  -0.3228,   0.0028, 2
A,  230, TRP,  0.5877,  -0.0929,   0.0378, 0
A,  231, LEU,  1.7328,   0.4946,   0.2773, 0
A,  232, LEU,  0.1695,  -0.3075,   0.0038, 0
A,  233, PRO,  1.4325,   0.3406,   0.2065, 0
A,  234, PHE,  0.0864,  -0.3501,   0.0013, 0
A,  235, GLU,  0.1369,  -0.3242,   0.0027, 0
A,  236, ARG,  0.1412,  -0.3220,   0.0028, 0
A,  237, ASP,  0.1294,  -0.3281,   0.0025, 0
A,  238, ALA,  0.0978,  -0.3443,   0.0016, 0
A,  239, HIS,  0.1190,  -0.3334,   0.0022, 0
A,  240, SER,  0.1331,  -0.3262,   0.0026, 0
A,  241, ALA,  0.7305,  -0.0197,   0.0581, 3
A,  242, ALA,  0.4184,  -0.1798,   0.0194, 0
A,  243, ALA,  0.1017,  -0.3423,   0.0017, 0
A,  244, MET,  0.1157,  -0.3351,   0.0021, 0
A,  245, ALA,  0.1244,  -0.3307,   0.0023, 0
A,  246, TRP,  0.2288,  -0.2771,   0.0064, 0
A,  247, GLY,  0.1717,  -0.3064,   0.0039, 0
A,  248, GLN,  0.2408,  -0.2709,   0.0070, 0
A,  249, GLY,  0.2186,  -0.2823,   0.0059, 0
A,  250, ASP,  0.6887,  -0.0411,   0.0518, 2
A,  251, PHE,  0.7458,  -0.0118,   0.0606, 2
A,  252, TYR,  1.9905,   0.6269,   0.3346, 0
A,  253, ASN,  0.3867,  -0.1961,   0.0167, 0
A,  254, HIS,  8.0443,   3.7331,   0.9225, 1
A,  255, ALA,  4.3175,   1.8209,   0.7051, 1
A,  256, ALA,  7.3055,   3.3541,   0.8996, 1
A,  257, VAL,  0.1180,  -0.3339,   0.0021, 0
A,  258, PHE,  0.1008,  -0.3428,   0.0017, 0
A,  259, GLY,  0.3827,  -0.1981,   0.0164, 0
A,  260, GLY,  0.3758,  -0.2017,   0.0158, 0
A,  261, SER,  0.1595,  -0.3126,   0.0035, 0
A,  262, VAL,  0.0741,  -0.3564,   0.0011, 0
A,  263, ALA,  0.3783,  -0.2004,   0.0160, 0
A,  264, ALA,  1.3610,   0.3039,   0.1896, 0
A,  265, LEU,  0.9485,   0.0922,   0.0975, 0
A,  266, ARG,  0.1808,  -0.3017,   0.0043, 0
A,  267, GLY,  0.8832,   0.0587,   0.0848, 0
A,  268, LEU,  1.2887,   0.2668,   0.1727, 0
A,  269, THR,  0.0609,  -0.3632,   0.0009, 0
A,  270, ALA,  0.2394,  -0.2716,   0.0070, 0
A,  271, HIS,  0.9053,   0.0700,   0.0890, 3
A,  272, CYS,  0.4205,  -0.1787,   0.0196, 0
A,  273, ALA,  0.0797,  -0.3536,   0.0012, 0
A,  274, GLY,  0.6506,  -0.0606,   0.0463, 3
A,  275, GLY,  0.6676,  -0.0519,   0.0486, 3
A,  276, LEU,  0.4530,  -0.1620,   0.0227, 0
A,  277, ASP,  0.1009,  -0.3427,   0.0017, 0
A,  278, TRP,  0.2983,  -0.2414,   0.0103, 0
A,  279, ASP,  0.1276,  -0.3290,   0.0024, 0
A,  280, ARG,  0.0909,  -0.3478,   0.0014, 0
A,  281, ALA,  0.0148,  -0.3869,   0.0003, 0
A,  282, ARG,  0.0937,  -0.3464,   0.0015, 0
A,  283, GLY,  0.0216,  -0.3834,   0.0003, 0
A,  284, LEU,  0.1218,  -0.3320,   0.0022, 0
A,  285, GLU,  0.1549,  -0.3150,   0.0033, 0
A,  286, ALA,  0.0854,  -0.3506,   0.0013, 0
A,  287, ARG,  0.4591,  -0.1589,   0.0233, 0
A,  288, TRP,  5.6145,   2.4864,   0.8166, 1
A,  289, HIS,  1.7732,   0.5154,   0.2866, 1
A,  290, ASP,  4.0035,   1.6598,   0.6696, 1
A,  291, GLU,  8.3874,   3.9092,   0.9310, 1
A,  292, SER,  0.0524,  -0.3676,   0.0007, 0
A,  293, HIS,  0.4683,  -0.1542,   0.0242, 0
A,  294, LEU,  0.0000,  -0.3945,   0.0001, 0
A,  295, ASN,  0.1737,  -0.3053,   0.0040, 0
A,  296, LYS,  0.5201,  -0.1276,   0.0296, 3
A,  297, PHE,  1.4651,   0.3573,   0.2141, 0
A,  298, PHE,  1.1712,   0.2065,   0.1457, 0
A,  299, TRP,  0.5793,  -0.0972,   0.0367, 0
A,  300, LEU,  0.3613,  -0.2091,   0.0147, 3
A,  301, HIS,  1.6571,   0.4558,   0.2598, 0
A,  302, LYS,  1.0336,   0.1359,   0.1150, 0
A,  303, PRO,  0.5218,  -0.1267,   0.0298, 0
A,  304, ALA,  0.2590,  -0.2616,   0.0080, 0
A,  305, LYS,  0.0863,  -0.3502,   0.0013, 0
A,  306, VAL,  0.3056,  -0.2377,   0.0107, 0
A,  307, LEU,  0.0076,  -0.3906,   0.0002, 0
A,  308, SER,  0.0000,  -0.3945,   0.0001, 0
A,  309, PRO,  0.0875,  -0.3496,   0.0014, 0
A,  310, GLU,  0.0000,  -0.3945,   0.0001, 0
A,  311, PHE,  0.2993,  -0.2409,   0.0104, 0
A,  312, CYS,  0.0000,  -0.3945,   0.0001, 0
A,  313, TRP,  0.2485,  -0.2670,   0.0074, 0
A,  314, SER,  0.1906,  -0.2967,   0.0047, 0
A,  315, PRO,  0.2332,  -0.2748,   0.0066, 0
A,  316, ASP,  0.1661,  -0.3093,   0.0037, 1
A,  317, ILE,  0.2045,  -0.2896,   0.0053, 4
A,  318, GLY,  0.1234,  -0.3311,   0.0023, 0
A,  319, PRO,  0.1304,  -0.3275,   0.0025, 0
A,  320, ARG,  0.3069,  -0.2370,   0.0108, 0
A,  321, ALA,  0.0318,  -0.3781,   0.0005, 0
A,  322, GLU,  0.0919,  -0.3473,   0.0015, 0
A,  323, ILE,  0.1636,  -0.3106,   0.0036, 0
A,  324, ARG,  0.0792,  -0.3538,   0.0012, 0
A,  325, ARG,  0.2071,  -0.2882,   0.0054, 0
A,  326, PRO,  0.2246,  -0.2793,   0.0062, 0
A,  327, ARG,  0.7576,  -0.0057,   0.0624, 0
A,  328, LEU,  0.0000,  -0.3945,   0.0001, 0
A,  329, LEU,  0.3949,  -0.1918,   0.0174, 0
A,  330, TRP,  7.0377,   3.2166,   0.8899, 1
A,  331, ALA,  0.1605,  -0.3121,   0.0035, 0
A,  332, PRO,  0.2211,  -0.2810,   0.0060, 0
A,  333, LYS,  6.9338,   3.1634,   0.8859, 1
A,  334, GLY,  0.1903,  -0.2968,   0.0047, 0
A,  335, TYR,  6.5924,   2.9882,   0.8719, 1
A,  336, ARG,  0.2733,  -0.2542,   0.0088, 0
A,  337, LEU,  0.1560,  -0.3144,   0.0033, 0
A,  338, LEU,  0.8263,   0.0295,   0.0742, 1
A,  339, ARG,  5.1636,   2.2550,   0.7835, 1
A,  340, ASN,  0.1440,  -0.3206,   0.0029, 0
